id,name,description,imageUrl,appUrl,tags,version,lastUpdated,status,category,ai_engineer
app-unique-001,AI Powered LMS,"Transform corporate training with the HERE AND NOW AI-Powered LMS. Our platform uses AI to create personalized learning experiences, automate administrative tasks, and provide actionable analytics to drive learner engagement and skill development.",https://raw.githubusercontent.com/hereandnowai/images/refs/heads/main/app-images/lms.png,https://test.hereandnowai.com/,"AI Powered LMS, Personalized Learning, Corporate Training, eLearning, AI in Education, HR Tech, Learning Analytics, HERE AND NOW AI",1.5.0,2025-07-01,Live,LMS,BK
app-unique-002,AI Chatbot,"Enhance customer engagement and provide instant, 24/7 support with an intelligent, conversational AI.",https://raw.githubusercontent.com/hereandnowai/images/refs/heads/main/app-images/caramel-ai-chatbot.png,https://chatbot.hereandnowai.com/,"AI Chatbot, Customer Support, Conversational AI, Automated Support",1.0.0,2025-07-01,Live,Chatbot,RR
app-unique-003,RAG Bot,"Leverage Retrieval-Augmented Generation to provide accurate, context-aware answers from your private knowledge base.",https://raw.githubusercontent.com/hereandnowai/images/refs/heads/main/app-images/Caramel%20AI%20The%20RAG%20BOT.png,https://apps.hereandnowai.com/apps/rag_bot/,"RAG, Generative AI, Knowledge Management, Enterprise Search",1.0.0,2025-07-01,Live,RAG Bot,RR
app-unique-004,AI Meeting Schedular,"Streamline your scheduling process, save time, and eliminate back-and-forth emails with an intelligent meeting scheduler.",https://raw.githubusercontent.com/hereandnowai/images/refs/heads/main/app-images/ai_powered_meeting_scheduler.png,https://apps.hereandnowai.com/apps/ai_meeting_schedular/,"AI Scheduling, Automated Meetings, Productivity Tool, Calendar Management",0.1.0,2025-07-01,Beta,Business Administration,Sakthi
app-unique-005,IT Support Chatbot,"Provide instant IT assistance to your employees, resolve common issues automatically, and reduce helpdesk workload with a dedicated IT chatbot.",https://raw.githubusercontent.com/hereandnowai/images/refs/heads/main/app-images/chatbot_it_support.png,apps.hereandnowai.com/apps/it_support_chatbot,"IT Support, Helpdesk Automation, Internal Chatbot, Employee Support",0.1.0,2025-07-01,Beta,Business Administration,Sakthi
app-unique-006,Docintel AI Document Classifie,"Automatically categorize and route your business documents to the right teams and workflows, ensuring efficiency and accuracy.",https://raw.githubusercontent.com/hereandnowai/images/refs/heads/main/app-images/ai_document_classifier.png,https://apps.hereandnowai.com/apps/docintel_ai_document_classifier/,"Document Classification, Workflow Automation, AI for Documents, Business Process Automation",0.1.0,2025-07-01,Beta,Business Administration,Adhithya
app-unique-007,AI Email Filter,Organize your inbox and prioritize important messages with an AI-powered email filter that learns from your behavior.,https://raw.githubusercontent.com/hereandnowai/images/refs/heads/main/app-images/ai_email_filtering.png,https://apps.hereandnowai.com/apps/ai_email_filter/,"Email Filtering, Inbox Zero, AI Productivity, Spam Filter",0.1.0,2025-07-01,Beta,Business Administration,Adhithya
app-unique-008,Employee Sentiment Analysis,Gain valuable insights into employee morale and satisfaction by automatically analyzing sentiment in feedback and surveys.,https://raw.githubusercontent.com/hereandnowai/images/refs/heads/main/app-images/sentiment_analysis_for_employee_feedback.png,https://apps.hereandnowai.com/apps/employee_sentiment_analysis/,"Sentiment Analysis, Employee Engagement, HR Analytics, Voice of the Employee",0.1.0,2025-07-01,Beta,Business Administration,Ananthi
app-unique-010,AI Automated Report Generation,"Save countless hours by automating the creation of detailed business reports, from data collection to final presentation.",https://raw.githubusercontent.com/hereandnowai/images/refs/heads/main/app-images/automated_report_generator.png,https://apps.hereandnowai.com/apps/ai_automated_report_generation/,"Report Automation, Business Intelligence, Data Analytics, Automated Reporting",0.1.0,2025-07-01,Beta,Business Administration,Rashini
app-unique-011,Expenses Fraud Detection,"Automatically detect and flag fraudulent or non-compliant expense claims, ensuring financial integrity and policy adherence.",https://raw.githubusercontent.com/hereandnowai/images/refs/heads/main/app-images/fraud_detection_in_expenses_report.png,https://apps.hereandnowai.com/apps/expenses_fraud_detection/,"Fraud Detection, Expense Management, FinTech, Compliance",0.1.0,2025-07-01,Beta,Business Administration,Rashini
app-unique-012,Process Miner,"Discover, monitor, and improve real business processes by analyzing event data from your information systems.",https://raw.githubusercontent.com/hereandnowai/images/refs/heads/main/app-images/process_mining.png,https://apps.hereandnowai.com/apps/process_miner/,"Process Mining, Business Process Management, Operational Excellence, Data Analytics",0.1.0,2025-07-01,Beta,Business Administration,Bilmia
app-unique-013,RPA Assistant,"Automate mundane, rule-based tasks across your organization with Robotic Process Automation to boost productivity and reduce errors.",https://raw.githubusercontent.com/hereandnowai/images/refs/heads/main/app-images/RPA_repetitive_task_thumbnail.png,https://apps.hereandnowai.com/apps/rpa_assistant/,"RPA, Automation, Business Process Automation, Repetitive Tasks",0.1.0,2025-07-01,Beta,Business Administration,Bilmia
app-unique-014,Knowledge Management,Unlock your organization's collective knowledge with an intelligent search solution that understands natural language queries.,https://raw.githubusercontent.com/hereandnowai/images/refs/heads/main/app-images/knowledge_management.png,https://apps.hereandnowai.com/apps/knowledge_management,"AI Search, Knowledge Management, Enterprise Search, Semantic Search",0.1.0,2025-07-01,Beta,Business Administration,Rashini
app-unique-015,Automated Content Summarization,"Instantly generate concise and accurate summaries of long articles, reports, and documents to save time and extract key insights.",https://raw.githubusercontent.com/hereandnowai/images/refs/heads/main/app-images/AUTOMATED%20CONTENT%20SUMMARIZATION.png,https://apps.hereandnowai.com/apps/automated_content_summarization,"Content Summarization, AI Writing Tool, Text Summarizer, Productivity",0.1.0,2025-07-01,Beta,Business Administration,Rashini
app-unique-016,Automated Translator Service,"Break language barriers with fast, accurate, and context-aware automated translation for all your business needs.",https://raw.githubusercontent.com/hereandnowai/images/refs/heads/main/app-images/Automation%20Translation%20Service.png,https://apps.hereandnowai.com/apps/automated-translator-service,"Machine Translation, AI Translation, Language Services, Multilingual Content",0.1.0,2025-07-01,Beta,Business Administration,Rashini
app-unique-017,Predictive Maintenance for Office Equipment,Minimize downtime and reduce costs by predicting when office equipment will require maintenance or replacement.,https://raw.githubusercontent.com/hereandnowai/images/refs/heads/main/app-images/Predictive%20Maintenance%20for%20Office%20Equipment.png,https://apps.hereandnowai.com/apps/predictive-maintenance-dashboard,"Predictive Maintenance, IoT, Smart Office, Equipment Management",0.1.0,2025-07-01,Beta,Business Administration,sakthi
app-unique-018,Smart Building Manager,"Optimize energy consumption, enhance security, and improve occupant comfort with an AI-driven smart building management system.",https://raw.githubusercontent.com/hereandnowai/images/refs/heads/main/app-images/smart_building_management.png,https://apps.hereandnowai.com/apps/smart-building-manager,"Smart Building, IoT, Energy Management, Building Automation",0.1.0,2025-07-01,Beta,Business Administration,Arlin
app-unique-019,AI Invoice Creator,"Generate professional and accurate invoices automatically, streamlining your billing process from start to finish.",https://raw.githubusercontent.com/hereandnowai/images/refs/heads/main/app-images/ai_invoice_creator.png,https://apps.hereandnowai.com/apps/ai_invoice_creator/,"Invoice Automation, AI Invoicing, Billing Software, Accounting Tech",0.1.0,2025-07-01,Beta,Accounting,Adhithya
app-unique-020,AI Invoice Processor,"Automate the extraction, validation, and processing of incoming invoices, reducing manual data entry and errors.",https://raw.githubusercontent.com/hereandnowai/images/refs/heads/main/app-images/AI%20AUTOMATED%20INVOICE%20PROCESSING.png,https://apps.hereandnowai.com/apps/ai_invoice_processor/,"Invoice Processing, AP Automation, OCR, Accounting AI",0.1.0,2025-07-01,Beta,Accounting,
app-unique-021,Fraud Detection Financial Transactions,Protect your business from financial fraud by using AI to monitor transactions in real-time and identify suspicious activity.,https://raw.githubusercontent.com/hereandnowai/images/refs/heads/main/app-images/Fraud%20Detection%20in%20Financial%20Transactions.png,https://apps.hereandnowai.com/apps/fraud_detection_financial_transactions/,"Fraud Detection, FinTech, AI Security, Transaction Monitoring",0.1.0,2025-07-01,Beta,Accounting,Sakthi
app-unique-022,Financial Forecasting,"Generate accurate financial forecasts with AI-powered models to make smarter, data-driven business decisions.",https://raw.githubusercontent.com/hereandnowai/images/refs/heads/main/app-images/financial_forecasting.png,https://apps.hereandnowai.com/apps/financial_forecasting,"Financial Forecasting, AI Finance, Predictive Analytics, Business Planning",0.1.0,2025-07-01,Beta,Accounting,Bilmia
app-unique-023,Tax Compliance Assistant,"Simplify tax compliance with an automated solution that ensures accuracy, timeliness, and adherence to the latest regulations.",https://raw.githubusercontent.com/hereandnowai/images/refs/heads/main/app-images/tax_compliance_automation.png,https://apps.hereandnowai.com/apps/tax_compliance_assistant/,"Tax Automation, RegTech, Compliance Software, Accounting AI",0.1.0,2025-07-01,Beta,Accounting,Rashini
app-unique-024,Automated Reconciliation of Bank Statements,"Automate the tedious process of reconciling bank statements with your financial records, ensuring accuracy and saving time.",https://raw.githubusercontent.com/hereandnowai/images/refs/heads/main/app-images/Automated%20Reconciliation%20of%20Bank%20Statements.png,https://apps.hereandnowai.com/apps/automated-reconciliation-of-bank-statements,"Bank Reconciliation, Accounting Automation, FinTech, Bookkeeping",0.1.0,2025-07-01,Beta,Accounting,Sakthi
app-unique-025,AI Credit Risk Assessor,Make more informed lending decisions with an AI-powered tool that provides accurate and instant credit risk assessments.,https://raw.githubusercontent.com/hereandnowai/images/refs/heads/main/app-images/credit_risk_assesment.png,https://apps.hereandnowai.com/apps/ai-credit-risk-assessor,"Credit Risk, AI Lending, FinTech, Risk Management",0.1.0,2025-07-01,Beta,Accounting,Adhithya
app-unique-026,Financial Anomaly Detector AI,"Identify unusual patterns and outliers in your financial data that may indicate errors, fraud, or unique opportunities.",https://dckgg7d4uyr4p.cloudfront.net/Bayshore-Blog-31.01.2022-672x372.png,https://apps.hereandnowai.com/apps/financial-anomaly-detector-ai,"Anomaly Detection, Financial Analytics, AI Security, Data Integrity",0.1.0,2025-07-01,Beta,Accounting,Sakthi
app-unique-027,Auditing Automation,"Streamline your auditing process with AI, automating data analysis, sample selection, and compliance checks for greater efficiency.",https://raw.githubusercontent.com/hereandnowai/images/refs/heads/main/app-images/Auditing%20Automation.png,https://apps.hereandnowai.com/apps/auditing-automation,"Audit Automation, AI Auditing, RegTech, Financial Compliance",0.1.0,2025-07-01,Beta,Accounting,Sakthi
app-unique-028,Automated Journal Entry Creation,Reduce manual data entry and ensure accuracy by automatically creating journal entries from your business transactions.,https://raw.githubusercontent.com/hereandnowai/images/refs/heads/main/app-images/AUTOMATED%20JOURNAL%20ENTRY%20CREATION.png,https://apps.hereandnowai.com/apps/ai-automated-journal-entry-creator,"Journal Entry Automation, Accounting AI, Bookkeeping Automation, ERP",0.1.0,2025-07-01,Beta,Accounting,Rashini
app-unique-029,Budget AI,Create more accurate and dynamic budgets by leveraging predictive analytics to forecast revenues and expenses.,https://raw.githubusercontent.com/hereandnowai/images/refs/heads/main/app-images/Analytics%20Budgeting%20Like%20a%20Pro.png,https://apps.hereandnowai.com/apps/budgetai,"Predictive Budgeting, Financial Planning, AI Finance, Corporate Finance",0.1.0,2025-07-01,Beta,Accounting,Sakthi
app-unique-030,Here and Now AI Payroll Assistant,"Provide your employees with instant, 24/7 answers to their payroll and benefits questions through an intelligent AI chatbot.",https://raw.githubusercontent.com/hereandnowai/images/refs/heads/main/app-images/ai_chatbot_payroll_benefits_qa.png,https://apps.hereandnowai.com/apps/here-and-now-ai-payroll-assistant,"HR Chatbot, Payroll Support, Benefits Administration, Employee Self-Service",0.1.0,2025-07-01,Beta,Accounting,Adhithya
app-unique-032,Here and Now AI Compliance Monitor,Continuously monitor transactions and activities for compliance with internal policies and external regulations using AI.,https://raw.githubusercontent.com/hereandnowai/images/refs/heads/main/app-images/compliance_monitoring.png,https://apps.hereandnowai.com/apps/here-and-now-ai-compliance-monitor,"Compliance Monitoring, RegTech, Risk Management, AI Compliance",0.1.0,2025-07-01,Beta,Accounting,Adhithya
app-unique-033,Automated Financial Statement Prep,"Automate the generation of key financial statements, including balance sheets, income statements, and cash flow statements.",https://raw.githubusercontent.com/hereandnowai/images/refs/heads/main/app-images/automated_financial_statement_prep.png,https://apps.hereandnowai.com/apps/automated-financial-statement-prep,"Financial Statements, Accounting Automation, Financial Reporting, AI Finance",0.1.0,2025-07-01,Beta,Accounting,Arlin
app-unique-034,AI Analysis of Lease Agreements,"Automatically extract key terms, dates, and clauses from lease agreements to ensure compliance and optimize management.",https://github.com/hereandnowai/images/blob/main/app-images/ai_analysis_lease_agreement.png?raw=true,https://apps.hereandnowai.com/apps/ai-lease-analyzer,"Lease Analysis, Contract AI, LegalTech, Real Estate Tech",0.1.0,2025-07-01,Beta,Accounting,Bilmia
app-unique-035,Personalized Advertising,Deliver highly targeted and personalized advertising campaigns by leveraging AI to analyze customer data and behavior.,https://raw.githubusercontent.com/hereandnowai/images/refs/heads/main/app-images/personalized_advertising_assistant.png,https://apps.hereandnowai.com/apps/personalized_advertising_assistant/,"Personalized Ads, AdTech, AI Marketing, Customer Targeting",0.1.0,2025-07-01,Beta,Marketing,Adhithya
app-unique-036,Social Pulse,Monitor brand perception and customer feedback by analyzing sentiment across all major social media platforms in real-time.,https://raw.githubusercontent.com/hereandnowai/images/refs/heads/main/app-images/sentimental_analysis_social_media.png,https://apps.hereandnowai.com/apps/social_pulse/,"Social Media Analytics, Sentiment Analysis, Brand Monitoring, Marketing AI",0.1.0,2025-07-01,Beta,Marketing,Arlin
app-unique-037,Customer Behavior Forecaster AI,Anticipate customer needs and actions by using predictive analytics to understand and forecast future behavior.,https://raw.githubusercontent.com/hereandnowai/images/refs/heads/main/app-images/Predictive%20Customer%20Behavior%20Analysis.png,https://apps.hereandnowai.com/apps/customer-behavior-forecaster-ai,"Predictive Analytics, Customer Behavior, Marketing AI, Customer Insights",0.1.0,2025-07-01,Beta,Marketing,Sakthi
app-unique-038,Content Craft,"Generate engaging and SEO-friendly marketing copy, blog posts, and social media updates with the power of generative AI.",https://raw.githubusercontent.com/hereandnowai/images/refs/heads/main/app-images/automated_content_creation.png,https://apps.hereandnowai.com/apps/content_craft/,"AI Content Generation, Generative AI, Marketing Automation, Copywriting",0.1.0,2025-07-01,Beta,Marketing,Adhithya
app-unique-039,Here and Now AI Chatbot Customer Service,"Provide instant, 24/7 customer service and support on your website and social channels with an intelligent marketing chatbot.",https://raw.githubusercontent.com/hereandnowai/images/refs/heads/main/app-images/Chatbot%20Customer%20Service.png,https://apps.hereandnowai.com/apps/hereandnow-ai---chatbot-customer-service,"Marketing Chatbot, Customer Service, Conversational Marketing, Lead Generation",0.1.0,2025-07-01,Beta,Marketing,Rashini
app-unique-040,Lead Scoring,"Prioritize your sales efforts by automatically scoring leads based on their likelihood to convert, using predictive AI models.",https://raw.githubusercontent.com/hereandnowai/images/refs/heads/main/app-images/LEAD%20SCORING%20.png,https://apps.hereandnowai.com/apps/lead-scoring-app,"Lead Scoring, Sales Automation, AI for Sales, Predictive Lead Scoring",0.1.0,2025-07-01,Beta,Marketing,Rashini
app-unique-041, Market Recomendation,Increase sales and engagement by providing personalized product and content recommendations to your users.,https://raw.githubusercontent.com/hereandnowai/images/refs/heads/main/app-images/marketing_recommendation_engine.png,https://apps.hereandnowai.com/apps/market_recomendation/,"Recommendation Engine, Personalization, E-commerce AI, Machine Learning",0.1.0,2025-07-01,Beta,Marketing,Arlin
app-unique-043,Dynamic Pricing,Maximize revenue and adapt to market changes with AI-driven dynamic pricing strategies for your products and services.,https://raw.githubusercontent.com/hereandnowai/images/refs/heads/main/app-images/dynamic_pricing_optimization.png,https://apps.hereandnowai.com/apps/dynamic_pricing/,"Dynamic Pricing, AI Pricing, Revenue Management, E-commerce Optimization",0.1.0,2025-07-01,Beta,Marketing,Rashini
app-unique-044,Marketing Campaign Optimizer,Optimize your marketing campaigns in real-time with AI that analyzes performance data and provides actionable recommendations.,https://raw.githubusercontent.com/hereandnowai/images/refs/heads/main/app-images/marketing_campaign_optimizer.png,https://apps.hereandnowai.com/apps/marketing_campaign_optimizer/,"Campaign Optimization, Marketing Analytics, ROI, Performance Marketing",0.1.0,2025-07-01,Beta,Marketing,Adhithya
app-unique-045,Email marketing Specialist,Boost open rates and conversions with AI-powered email campaigns that deliver personalized content to every subscriber.,https://raw.githubusercontent.com/hereandnowai/images/refs/heads/main/app-images/personalised_Email_Marketing_thumbnail.png,https://apps.hereandnowai.com/apps/email_marketting_specialist/,"Email Marketing, Personalization, Marketing Automation, AI Email",0.1.0,2025-07-01,Beta,Marketing,Bilmia
app-unique-046,Influencer Marketing Identification,Identify the most relevant and effective influencers for your brand using AI to analyze audience demographics and engagement.,https://raw.githubusercontent.com/hereandnowai/images/refs/heads/main/app-images/INFLUENCER%20MARKETING%20IDENTIFICATION.png,https://apps.hereandnowai.com/apps/influencer-marketing-identification/,"Influencer Marketing, AI Marketing, Social Media Analytics, Brand Partnerships",0.1.0,2025-07-01,Beta,Marketing,Rashini
app-unique-047,Marketing Mix Modeling,Determine the effectiveness of your marketing channels and optimize your budget allocation with sophisticated AI modeling.,https://raw.githubusercontent.com/hereandnowai/images/refs/heads/main/app-images/marketing_mix_modelling.png,https://apps.hereandnowai.com/apps/marketting_mix_modelling/,"Marketing Mix Modeling, MMM, Marketing Analytics, ROI Analysis",0.1.0,2025-07-01,Beta,Marketing,Arlin
app-unique-048,Predictive Analytics Customer LTV,Forecast the lifetime value of your customers and tailor your marketing strategies to maximize long-term profitability.,https://raw.githubusercontent.com/hereandnowai/images/refs/heads/main/app-images/Predictive%20Analytics%20for%20Customer%20LTV.png,https://apps.hereandnowai.com/apps/predictive_analytics_customer_ltv/,"Customer Lifetime Value, CLV, Predictive Analytics, Retention Marketing",0.1.0,2025-07-01,Beta,Marketing,Sakthi
app-unique-049,Voice Search Optimization,"Optimize your content to be discovered through voice assistants like Alexa and Google Assistant, capturing a growing audience.",https://raw.githubusercontent.com/hereandnowai/images/refs/heads/main/app-images/voice_search_optimization_thubnail.png,https://apps.hereandnowai.com/apps/voice_optimizer/#/content-analyzer,"Voice Search, SEO, Voice SEO, AI Marketing",0.1.0,2025-07-01,Beta,Marketing,Bilmia
app-unique-051,Predictive Maintenance Assistant,Automate product inspection and identify defects with high accuracy using advanced computer vision technology.,https://raw.githubusercontent.com/hereandnowai/images/refs/heads/main/app-images/quality_control_using_computer_vision.png,https://apps.hereandnowai.com/apps/predictive-maintenance-assistant,"Computer Vision, Quality Control, Manufacturing AI, Defect Detection",0.1.0,2025-07-01,Beta,Production/Manufacturing,Kawshik
app-unique-059,Manufacturing Yield Optimizer,Maximize production yield by using predictive analytics to identify factors that impact quality and output.,https://raw.githubusercontent.com/hereandnowai/images/refs/heads/main/app-images/predictive_analytics_yeild_optimization.png,https://apps.hereandnowai.com/apps/manufacturing-yield-optimizer,"Yield Optimization, Predictive Analytics, Process Control, Manufacturing AI",0.1.0,2025-07-01,Beta,Production/Manufacturing,Kawshik
app-unique-066,Predictive Failure Analysis,"Predict potential failure modes in mechanical components and systems, enabling proactive design improvements and maintenance.",https://raw.githubusercontent.com/hereandnowai/images/refs/heads/main/app-images/Predictive%20Failure%20Analysis.png,https://apps.hereandnowai.com/apps/predictive-failure-analysis,"Predictive Analysis, Failure Analysis, FEA, Mechanical Engineering",0.1.0,2025-07-01,Beta,Mechanical Engineering,Sakthi
app-unique-073,AI Powered Automated Root Cause Analysis,Automatically identify the root causes of mechanical failures and performance issues using AI-powered diagnostic tools.,https://raw.githubusercontent.com/hereandnowai/images/refs/heads/main/app-images/automated_root_cause_analysis.png,https://apps.hereandnowai.com/apps/ai-powered-automated-root-cause-analysis,"Root Cause Analysis, RCA, Failure Analysis, Quality Engineering",0.1.0,2025-07-01,Beta,Mechanical Engineering,Adhithya
app-unique-077,Generative Design For Lightweighting by Here and Now AI,"Use generative design algorithms to create lightweight, high-performance mechanical parts optimized for strength and material usage.",https://raw.githubusercontent.com/hereandnowai/images/refs/heads/main/app-images/generative_design_lightweighting.png,https://apps.hereandnowai.com/apps/generative-design-for-lightweighting-by-here-and-now-ai,"Generative Design, Lightweighting, Topology Optimization, Additive Manufacturing",0.1.0,2025-07-01,Beta,Mechanical Engineering,Adhithya
app-unique-095,Agriboard Designer,Accelerate the design of complex circuit boards with AI tools that automate component placement and routing.,https://raw.githubusercontent.com/hereandnowai/images/refs/heads/main/app-images/automated_circuit_board_design.png,https://apps.hereandnowai.com/apps/agriboard-designer,"PCB Design, EDA, AI Electronics, Hardware Acceleration",0.1.0,2025-07-01,Beta,Electronics Engineering,Arlin
app-unique-096,Component Placement Optimization,"Optimize the placement of components on a PCB for better performance, signal integrity, and thermal management.",https://raw.githubusercontent.com/hereandnowai/images/refs/heads/main/app-images/component_placement_optimization.png,https://apps.hereandnowai.com/apps/component-placement-optimization,"Component Placement, PCB Layout, Signal Integrity, EDA",0.1.0,2025-07-01,Beta,Electronics Engineering,Arlin
app-unique-112,Agrihealth AI,Identify crop diseases early through automated analysis of images from drones and field sensors.,https://raw.githubusercontent.com/hereandnowai/images/refs/heads/main/app-images/diesease_detection.png,https://apps.hereandnowai.com/apps/agrihealth-ai,"Crop Disease Detection, AgTech, Computer Vision, Plant Pathology",0.1.0,2025-07-01,Beta,Agriculture,Arlin
app-unique-114,Weed Detection and Removal,"Automatically identify weeds and enable targeted spraying or robotic removal, reducing herbicide use.",https://raw.githubusercontent.com/hereandnowai/images/refs/heads/main/app-images/weed_detection.png,https://apps.hereandnowai.com/apps/weed-detection-and-removal,"Weed Detection, Precision Agriculture, Computer Vision, Sustainable Farming",0.1.0,2025-07-01,Beta,Agriculture,Arlin
app-unique-116,Livestock Monitoring,"Monitor the health, behavior, and location of livestock using sensors and AI to improve animal welfare and farm productivity.",,https://apps.hereandnowai.com/apps/livestock-monitoring,"Livestock Management, AgTech, Animal Health, Smart Farming",0.1.0,2025-07-01,Beta,Agriculture,naveen
app-unique-117,Weather Master,Get hyperlocal and accurate weather forecasts to optimize farming operations and mitigate risks.,https://raw.githubusercontent.com/hereandnowai/images/refs/heads/main/app-images/ai_powered_weather_prediction.png,https://apps.hereandnowai.com/apps/weather-master,"Weather Forecasting, AgTech, AI Weather, Climate Smart Agriculture",0.1.0,2025-07-01,Beta,Agriculture,Bilmia
app-unique-121,Planting Schedule Optimization,"Determine the optimal planting schedule for various crops based on weather predictions, soil conditions, and market demand.",https://raw.githubusercontent.com/hereandnowai/images/refs/heads/main/app-images/Planting%20Schedule%20Optimization.png,https://apps.hereandnowai.com/apps/planting-schedule-optimization,"Planting Optimization, AgTech, Smart Farming, Crop Management",0.1.0,2025-07-01,Beta,Agriculture,Rashini 
app-unique-125,Travelgenie AI Assistant,"Provide travelers with personalized recommendations for flights, hotels, and activities based on their preferences and past behavior.",https://raw.githubusercontent.com/hereandnowai/images/refs/heads/main/app-images/personalized_travel_recommender.png,https://apps.hereandnowai.com/apps/travelgenie-ai-assistant,"Travel Recommendations, Personalization, AI Travel, Tourism Tech",0.1.0,2025-07-01,Beta,Travel/Tourism,
app-unique-126,Dynamic Pricing AI Agent,"Optimize pricing for flights and hotels in real-time based on demand, seasonality, and competitor pricing.",https://raw.githubusercontent.com/hereandnowai/images/refs/heads/main/app-images/dynamic_princing_optimization.png,https://apps.hereandnowai.com/apps/dynamic-pricing-ai-agent,"Dynamic Pricing, Travel Tech, Revenue Management, AI Pricing",0.1.0,2025-07-01,Beta,Travel/Tourism,Bilmia
app-unique-127,Travelbot Here And Now AI,"Offer 24/7 customer support for booking, inquiries, and travel assistance with an intelligent travel chatbot.",https://raw.githubusercontent.com/hereandnowai/images/refs/heads/main/app-images/chatot_customer_service.png,https://apps.hereandnowai.com/apps/travelbot-here-and-now-ai,"Travel Chatbot, Customer Service, Conversational AI, Tourism Tech",0.1.0,2025-07-01,Beta,Travel/Tourism,Bilmia
app-unique-129,Route Planner Here And Now AI,"Provide travelers with the most efficient and scenic routes for their journeys, considering traffic, closures, and points of interest.",https://raw.githubusercontent.com/hereandnowai/images/refs/heads/main/app-images/optimized_route_planning.png,https://apps.hereandnowai.com/apps/route-planner-here-and-now-ai,"Route Optimization, Travel Planning, AI Navigation, Smart Tourism",0.1.0,2025-07-01,Beta,Travel/Tourism,Bilmia
app-unique-131,Tourism Sentiment Analyzer,Analyze customer reviews from multiple platforms to gain insights into traveler satisfaction and improve services.,https://raw.githubusercontent.com/hereandnowai/images/refs/heads/main/app-images/sentiment_analysis_customer_service.png,https://apps.hereandnowai.com/apps/tourism-sentiment-analyzer,"Sentiment Analysis, Review Analytics, Hospitality Tech, Customer Feedback",0.1.0,2025-07-01,Beta,Travel/Tourism,Bilmia
app-unique-133,Travel Demand Forecaster AI,"Forecast travel demand for specific destinations, flights, and hotels to optimize resource allocation and pricing.",https://raw.githubusercontent.com/hereandnowai/images/refs/heads/main/app-images/demand_forecasting.png,https://apps.hereandnowai.com/apps/travel-demand-forecaster-ai,"Demand Forecasting, Travel Analytics, Tourism Management, Predictive Analytics",0.1.0,2025-07-01,Beta,Travel/Tourism,Bilmia
app-unique-137,Personalized Restaurant Recommendations,"Offer personalized restaurant recommendations to travelers based on their location, cuisine preferences, and budget.",,https://apps.hereandnowai.com/apps/personalized-restaurant-recommendations,"Restaurant Recommendations, Food Tech, AI Personalization, Travel Guide",0.1.0,2025-07-01,Beta,Travel/Tourism,Raja
app-unique-138,Fraud Detection in Insurance Claims,Detect and prevent fraudulent travel insurance claims with AI-powered analysis of claim data and user behavior.,https://raw.githubusercontent.com/hereandnowai/images/refs/heads/main/app-images/Fraud%20Detection%20(Insurance).png,https://apps.hereandnowai.com/apps/fraud-detection-in-insurance-claims,"Insurance Fraud, InsurTech, AI Security, Fraud Analytics",0.1.0,2025-07-01,Beta,Travel/Tourism,Sakthi
app-unique-140,Dental Care,Simplify dental appointment scheduling with an intelligent app that finds and books available slots for patients.,https://raw.githubusercontent.com/hereandnowai/images/refs/heads/main/app-images/Dental%20Appointment%20Fixing%20App.png,https://apps.hereandnowai.com/apps/dental_care/,"Appointment Scheduling, Healthcare AI, Dental Tech, Patient Engagement",0.1.0,2025-07-01,Beta,Healthcare,Sakthi
app-unique-141,AI Medical Assistant,Assist healthcare professionals in diagnosing diseases more accurately and efficiently by analyzing medical data and images.,https://raw.githubusercontent.com/hereandnowai/images/refs/heads/main/app-images/disease_diagonosis.png,https://apps.hereandnowai.com/apps/ai-medical-assistant,"AI Diagnostics, Medical AI, HealthTech, Clinical Decision Support",0.1.0,2025-07-01,Beta,Healthcare,Bilmia
app-unique-142,AI Drug Discovery Accelerator,Accelerate the process of discovering and developing new drugs by using AI to analyze biological data and predict compound efficacy.,https://raw.githubusercontent.com/hereandnowai/images/refs/heads/main/app-images/ai_drug_discovery.png,https://apps.hereandnowai.com/apps/ai-drug-discovery-accelerator,"Drug Discovery, AI in Pharma, BioTech, Computational Biology",0.1.0,2025-07-01,Beta,Healthcare,Adhithya
app-unique-143,Personalized Medicine AI Advisor,Tailor medical treatment and prescriptions to individual patients based on their genetic makeup and lifestyle data.,,https://apps.hereandnowai.com/apps/personalized-medicine-ai-advisor,"Personalized Medicine, Precision Medicine, Genomic AI, HealthTech",0.1.0,2025-07-01,Beta,Healthcare,sakthi
app-unique-145,Patient Monitoring,Remotely monitor patients' vital signs and health status using wearable devices and AI analytics.,https://raw.githubusercontent.com/hereandnowai/images/refs/heads/main/app-images/Patient%20Monitoring.png,https://apps.hereandnowai.com/apps/patient-monitoring,"Remote Patient Monitoring, RPM, Digital Health, Wearable Tech",0.1.0,2025-07-01,Beta,Healthcare,sakthi
app-unique-147,Medical Image Analysis,"Automatically analyze medical images like X-rays, CT scans, and MRIs to detect abnormalities and assist radiologists.",https://raw.githubusercontent.com/hereandnowai/images/refs/heads/main/app-images/medical_image_analysis.png,https://apps.hereandnowai.com/apps/medical-image-analysis,"Medical Imaging, AI Radiology, Computer Vision, HealthTech",0.1.0,2025-07-01,Beta,Healthcare,Naveen
app-unique-150,Medi Buddy AI,"Provide patients with 24/7 support, medication reminders, and health information through a virtual assistant.",https://raw.githubusercontent.com/hereandnowai/images/refs/heads/main/app-images/virtual_patient_assistant.png,https://apps.hereandnowai.com/apps/medi-buddy-ai,"Virtual Health Assistant, Patient Engagement, Digital Health, Conversational AI",0.1.0,2025-07-01,Beta,Healthcare,Bilmia
app-unique-151,health-guard-ai,Identify and analyze risk factors for various diseases within a population to inform public health strategies.,https://raw.githubusercontent.com/hereandnowai/images/refs/heads/main/app-images/risk_factor_analysis.png,https://apps.hereandnowai.com/apps/health-guard-ai,"Population Health, Epidemiology, Risk Stratification, Public Health AI",0.1.0,2025-07-01,Beta,Healthcare,Adhithya
app-unique-152,Medical Claims RPA,"Automate the processing of medical claims to reduce errors, accelerate payments, and improve efficiency.",https://raw.githubusercontent.com/hereandnowai/images/refs/heads/main/app-images/medical_claims_rpa.png,https://apps.hereandnowai.com/apps/medical-claims-rpa,"Claims Processing, RPA, Healthcare Finance, Revenue Cycle Management",0.1.0,2025-07-01,Beta,Healthcare,sakthi
app-unique-153,Patient No Show Predictor,"Predict which patients are likely to miss their appointments, enabling clinics to implement proactive reminders and reduce no-shows.",https://raw.githubusercontent.com/hereandnowai/images/refs/heads/main/app-images/patient%20no-show%20prediction%20Thumbnail.png,https://apps.hereandnowai.com/apps/patient-no-show-predictor,"Patient No-Show, Predictive Analytics, Appointment Scheduling, Clinic Management",0.1.0,2025-07-01,Beta,Healthcare,Sakthi
app-unique-157,Chatbot for HR Queries,"Provide employees with instant answers to their HR-related questions about policies, benefits, and leave.",https://raw.githubusercontent.com/hereandnowai/images/refs/heads/main/app-images/chatbot_hr_queries.png,https://apps.hereandnowai.com/apps/hr-assistant-chatbot,"HR Chatbot, Employee Self-Service, HR Automation, Conversational AI",0.1.0,2025-07-01,Beta,Human Resources,Adhithya
app-unique-158,Employee Performance Monitoring,Track and analyze employee performance metrics with AI to provide objective insights and identify development opportunities.,https://raw.githubusercontent.com/hereandnowai/images/refs/heads/main/app-images/Employee%20Performance%20Monitoring.png,https://apps.hereandnowai.com/apps/employee-performance-monitoring,"Performance Management, HR Analytics, Workforce Analytics, People Analytics",0.1.0,2025-07-01,Beta,Human Resources,Sakthi
app-unique-159,Talent Management AI Platform,"Optimize your talent management strategy, from succession planning to leadership development, with AI-driven insights.",https://raw.githubusercontent.com/hereandnowai/images/refs/heads/main/app-images/talent_management.png,https://apps.hereandnowai.com/apps/talent-management-ai-platform,"Talent Management, HR Tech, Succession Planning, Workforce Planning",0.1.0,2025-07-01,Beta,Human Resources,Arlin
app-unique-160,Skill Route,"Create personalized learning and development paths for employees based on their skills, career goals, and performance data.",https://raw.githubusercontent.com/hereandnowai/images/refs/heads/main/app-images/personalized_learning_path.png,https://apps.hereandnowai.com/apps/skill-route,"Personalized Learning, L&D, EdTech, Employee Development",0.1.0,2025-07-01,Beta,Human Resources,Bilmia
app-unique-161,Employee Sentiment Insight Engine,"Analyze employee survey responses to gauge morale, identify key concerns, and measure the impact of HR initiatives.",https://raw.githubusercontent.com/hereandnowai/images/refs/heads/main/app-images/sentiment_analysis_employee_surveys.png,https://apps.hereandnowai.com/apps/employee-sentiment-insight-engine,"Sentiment Analysis, Employee Engagement, Voice of the Employee, HR Surveys",0.1.0,2025-07-01,Beta,Human Resources,Arlin
app-unique-162,Employee Attrition Prediction System,Proactively identify employees who are at risk of leaving and implement targeted retention strategies to reduce turnover.,https://raw.githubusercontent.com/hereandnowai/images/refs/heads/main/app-images/predictive_analytics_attrition.png,https://apps.hereandnowai.com/apps/employee-attrition-prediction-system,"Predictive Attrition, HR Analytics, Employee Retention, Workforce Planning",0.1.0,2025-07-01,Beta,Human Resources,Adhithya
app-unique-165,High-Potential Employees,Identify high-potential employees within your organization using predictive analytics to nurture future leaders.,https://raw.githubusercontent.com/hereandnowai/images/refs/heads/main/app-images/high_potential_employees.png,https://apps.hereandnowai.com/apps/high-potential-employees,"High-Potential Employees, HiPo, Talent Identification, Succession Planning",0.1.0,2025-07-01,Beta,Human Resources,Arlin
app-unique-166,Compensation Planning,Optimize your compensation and benefits packages by analyzing market data and internal equity with AI-powered tools.,https://raw.githubusercontent.com/hereandnowai/images/refs/heads/main/app-images/Compensation%20Planning.png,https://apps.hereandnowai.com/apps/compensation-planning,"Compensation Planning, CompTech, HR Analytics, Total Rewards",0.1.0,2025-07-01,Beta,Human Resources,Sakthi
app-unique-167,Benefit Question Chatbots,"Deploy a dedicated chatbot to answer employee questions about their benefits plans, enrollment, and claims.",https://raw.githubusercontent.com/hereandnowai/images/refs/heads/main/app-images/benefits_qa_chatbot.png,https://apps.hereandnowai.com/apps/benefit-question-chatbots,"Benefits Chatbot, HR Support, Employee Benefits, HR Automation",0.1.0,2025-07-01,Beta,Human Resources,Adhithya
app-unique-169,Personalized Career Pathing Here and Now AI,Provide employees with personalized career path recommendations within the organization based on their skills and aspirations.,https://raw.githubusercontent.com/hereandnowai/images/refs/heads/main/app-images/personalized_career_recommendations.png,https://apps.hereandnowai.com/apps/personalized-career-pathing-here-and-now-ai,"Career Pathing, Employee Development, Talent Mobility, HR Tech",0.1.0,2025-07-01,Beta,Human Resources,Arlin
app-unique-170,Interview Scheduler AI,"Automate the complex process of scheduling interviews between candidates, recruiters, and hiring managers.",https://raw.githubusercontent.com/hereandnowai/images/refs/heads/main/app-images/interview_scheduling_automation.png,https://apps.hereandnowai.com/apps/interview-scheduler-ai,"Interview Scheduling, Recruitment Automation, Talent Acquisition, HR Tech",0.1.0,2025-07-01,Beta,Human Resources,Naveen
app-unique-171,HERE AND NOW Languages-Assistant,Provide instant information and support to prospective students of the HN Language Institute with a dedicated AI chatbot.,https://raw.githubusercontent.com/hereandnowai/images/refs/heads/main/app-images/ai_chatbot_hn_language_institute.png,https://apps.hereandnowai.com/apps/here-and-now-languages-assistant,"Language Institute, Education Chatbot, Student Recruitment, Conversational AI",0.1.0,2025-07-01,Beta,Customer Service,Adhithya
app-unique-172,Comfotec Customer Service Chatbot,"Empower your AEC clients with our specialized AI Chatbot for BIM companies. This intelligent assistant provides instant, 24/7 support for technical queries, software workflows, and licensing questions. By understanding industry-specific terminology, it resolves issues faster, navigates users to relevant knowledge base articles, and frees up your expert support team for high-priority cases, boosting overall customer satisfaction.",https://raw.githubusercontent.com/hereandnowai/images/refs/heads/main/app-images/customer_bot_bim_company.png,https://apps.hereandnowai.com/apps/comfotech/,"BIM Support, AI Chatbot, AEC Tech, Customer Service, Technical Support, Construction Tech, Helpdesk Automation, Conversational AI",0.1.0,2025-07-01,Beta,Customer Service,"Rashini, Adhithya"
app-unique-174,Her Path,"HerPathway is a comprehensive mobile app empowering underprivileged women and female students through education, skill development, financial literacy, and career opportunities. ",https://raw.githubusercontent.com/hereandnowai/images/refs/heads/main/app-images/her_path.png,https://apps.hereandnowai.com/apps/her_path,"Women Empowerment, Student Welfare, NGO Portal, Education, Skill Development, Financial Literacy, Career Development, Community Support, Underprivileged Women, Mentorship, Social Impact, Gender Equality",0.1.0,2025-07-01,Beta,Social Service,Rashini
app-unique-176,ITR,"Streamline your tax season with the ITR Assistant by HERE AND NOW AI. This powerful, secure tool automates the tedious process of collecting documents for your Income Tax Return (ITR). It connects to your Gmail, automatically finds password-protected financial statements (Bank, Credit Card, Demat & more), decrypts them, and organizes everything into neat folders in your Google Drive. Stop wasting hours on manual downloads and focus on what matters. Built for tax professionals and individuals who value speed and security. Your data never leaves your Google account, ensuring 100% privacy.",https://raw.githubusercontent.com/hereandnowai/images/refs/heads/main/app-images/itr-assistant.png,https://itr.hereandnowai.com,"ITR Document Collector, Automate Tax Documents, Simplify ITR Filing, Tax Consultant Tool, Financial Statement Organizer",0.1.0,2025-07-01,Live,Finance,RR
app-unique-179,HERE AND NOW AI Command Center,,https://raw.githubusercontent.com/hereandnowai/images/refs/heads/main/app-images/image_creation_mcp_server.png,https://apps.hereandnowai.com/apps/here-and-now-ai-command-center/,,0.1.0,2025-07-01,Live,Technology,RR
